{
  "rewrites": [
    {
      "source": "/(.*)",
      "destination": "/index.html"
    }
  ],
  "redirects": [
    {
      "source": "/qr",
      "destination": "/#register",
      "permanent": true
    },
    {
      "source": "/torneos/grupos",
      "has": [
        {
          "type": "query",
          "key": "tournament_id",
          "value": "5"
        },
        {
          "type": "query",
          "key": "minGamesWon",
          "value": "1"
        },
        {
          "type": "query",
          "key": "utm_source",
          "value": "qr"
        }
      ],
      "destination": "/torneos/grupos?tournament_id=5&minGamesWon=6&utm_source=qr",
      "permanent": true
    }
  ]
}